x0011;CONFIG00100
x0021;CONFIG00200
x0031;CONFIG00300
x0041;CONFIG00400
x0051;CONFIG00500
x0061;CONFIG00600
x0071;CONFIG00700
x0081;CONFIG00800
x0091;CONFIG00900
x0101;CONFIG01000
x0111;CONFIG01100
x0121;CONFIG01200
x0131;CONFIG01300
x0141;CONFIG01400
x0151;CONFIG01500
x0161;CONFIG01600
x0171;CONFIG01700
x0181;CONFIG01800
x0191;CONFIG01900
x0201;CONFIG02000
x0211;CONFIG02100
x0221;CONFIG02200
x0231;CONFIG02300
x0241;CONFIG02400
x0251;CONFIG02500
x0261;CONFIG02600
x0271;CONFIG02700
x0281;CONFIG02800
x0291;CONFIG02900
x0301;CONFIG03000
x0311;CONFIG03100
x0321;CONFIG03200
x0331;CONFIG03300
x0341;CONFIG03400
x0351;CONFIG03500
x0361;CONFIG03600
x0371;CONFIG03700
x0381;CONFIG03800
x0391;CONFIG03900
x0401;CONFIG04000
x0411;CONFIG04100
x0421;CONFIG04200
x0431;CONFIG04300
x0441;CONFIG04400
x0451;CONFIG04500
x0461;CONFIG04600
x0471;CONFIG04700
x0481;CONFIG04800
x0491;CONFIG04900
x0501;CONFIG05000
x0511;CONFIG05100
x0521;CONFIG05200
x0531;CONFIG05300
x0541;CONFIG05400
x0551;CONFIG05500
x0561;CONFIG05600
x0571;CONFIG05700
x0581;CONFIG05800
x0591;CONFIG05900
x0601;CONFIG06000
x0611;CONFIG06100
x0621;CONFIG06200
x0631;CONFIG06300
x0641;CONFIG06400
x0651;CONFIG06500
x0661;CONFIG06600
x0671;CONFIG06700
x0681;CONFIG06800
x0691;CONFIG06900
x0701;CONFIG07000
x0711;CONFIG07100
x0721;CONFIG07200
x0731;CONFIG07300
x0741;CONFIG07400
x0751;CONFIG07500
x0761;CONFIG07600
x0771;CONFIG07700
x0781;CONFIG07800
x0791;CONFIG07900
x0801;CONFIG08000
x0811;CONFIG08100
x0821;CONFIG08200
x0831;CONFIG08300
x0841;CONFIG08400
x0851;CONFIG08500
x0861;CONFIG08600
x0871;CONFIG08700
x0881;CONFIG08800
x0891;CONFIG08900
x0901;CONFIG09000
x0911;CONFIG09100
x0921;CONFIG09200
x0931;CONFIG09300
x0941;CONFIG09400
x0951;CONFIG09500
x0961;CONFIG09600
x0971;CONFIG09700
x0981;CONFIG09800
x0991;CONFIG09900
x1001;CONFIG10000
